{"title":"Installer Joomla facilement avec Docker","markdown":{"headingText":"Installer Joomla facilement avec Docker","headingAttr":{"id":"","classes":[],"keyvalue":[["background-image","./images/background.webp"],["background-size","cover"]]},"containsRefs":false,"markdown":"\n## Étape 0 - Installation de Docker { background-image=\"./step_0_installation_docker/images/background.webp\" background-size=\"cover\" }\n\nL'installation de Docker est gratuite pour un usage personnel ou dans le cadre d'une petite structure : [https://www.docker.com/products/personal/](https://www.docker.com/products/docker-desktop/).\n\nVous pouvez l'installer sur Linux, Mac ou Windows.\n\nLa façon la plus simple est d'utiliser [Docker Desktop](https://www.docker.com/products/docker-desktop/).\n\n## Étape 1 - Au Début était Docker ...\n\nPrenons le temps de découvrir Docker... Grâce à lui, il n'est plus nécessaire d'installer PHP ou Apache pour faire tourner un site web.\n\nOn retrouve sur [Docker Hub](https://hub.docker.com) un très grand nombre \"d'images\" qui permettent d'exécuter des logiciels comme PHP, PHP+Apache, MySQL et bien, bien d'autres choses.\n\n----\n\nToutes ces images sont totalement gratuites; elles peuvent être publiques ou privées. On peut créer ses propres images et les stocker sur [Docker Hub](https://hub.docker.com) gratuitement.\n\nNous allons utiliser les images PHP disponibles sur [https://hub.docker.com/_/php](https://hub.docker.com/_/php)\n\n----\n\nDurant cette première étape, de découverte, nous allons exécuter un simple script PHP afin de montrer comment ... ne pas installer PHP et Apache.\n\nNous changerons ensuite la version de PHP de `7.4` vers `8.1` en juste quelques ... touches enfoncées au clavier.\n\n### docker run {background-image=\"./step_1_php/images/background.webp\" background-size=\"cover\" class=\"hide_title\"}\n\nNous aurons besoin d'une image Docker qui inclut PHP et Apache pour faire tourner notre script. Par chance, une telle image existe :-)\n\nNous utiliserons les instructions `docker run`.\n\n### { background-image=\"./step_1_php/images/attention.webp\" background-size=\"cover\" }\n\nDurant ce chapitre, lors de notre découverte de Docker, nous utiliserons des numéros de port à chaque fois différents pour accéder à notre site local. Nous verrons plus tard comment réutiliser le même numéro de port.\n\n### Étape 1.1 - Exécution d'un script php\n\n> Les commandes que nous utiliserons lors cette étape seront les mêmes que vous soyez sous Linux, Mac ou Windows.\n\nEn exécutant l'instruction ci-dessous nous allons télécharger PHP `7.4.29` ainsi qu'Apache et démarrer l'image:\n\n```bash\ndocker run --detach --name step_1_1a -p 80:80 php:7.4.29-apache\n```\n\n*Tip: Lors des exécutions ultérieures, l'image PHP étant déjà présente, elle n'est plus téléchargée.*\n\n### { background-image=\"./step_1_php/1_minimum/images/desktop_image_step_1_1.webp\" background-size=\"cover\" class=\"hide_title\" }\n\n----\n\nNous pouvons constater que l'image PHP est maintenant présente dans Docker Desktop.\n\nOn obtient aussi l'information en ligne de commande : `docker image list`\n\n### { background-image=\"./step_1_php/1_minimum/images/desktop_container_step_1_1a.webp\" background-size=\"cover\" }\n\nNous voyons aussi qu'une application (un `container` en terme Docker) est également en cours d'exécution.\n\nEn ligne de commande : `docker container list`\n\n----\n\nExplication des arguments utilisés dans notre commande `docker run --detach --name step_1_1a -p 80:80 php:7.4.29-apache`\n\n* `--detach` : par défaut, `docker run` exécute le container et le ferme aussitôt le travail terminé. Si l'image était un scanner de virus, `docker run` exécuterait un scan et ferme le container le scan terminé. Ici, nous voulons que notre site reste \"à l'écoute\",\n* `--name step_1_1a` : juste par simplicité, donnons un nom à notre container. C'est une pratique recommandée pour identifier clairement les containers,\n* `-p 80:80` : notre image PHP+Apache s'exécute sur le port `80`, nous souhaitons \"mapper\" ce port \"interne\" au port `80` de notre ordinateur. Ceci nous permet alors d'accéder au site web.\n\n### { background-image=\"./step_1_php/1_minimum/images/localhost_step_1_1a_0.webp\" background-size=\"cover\" }\n\nTentons d'accéder au site local : [http://127.0.0.1:80](http://127.0.0.1:80).\n\nIl fonctionne mais n'affiche rien puisque nous n'avons encore rien mis en place.\n\n*Le site est fonctionnel, Apache est prêt mais il n'y a pas de fichier index.php; ajoutons-en un.*\n\n----\n\nAvec l'instruction ci-dessous, on peut lancer une console Linux et afficher le contenu de l'image \"comme si\" c'était un dossier sur notre disque dur :\n\n```bash\ndocker exec -it step_1_1a /bin/bash\n```\n\nUne fois dans la console, créons rapidement un fichier `index.php` et quittons la console; nous n'en aurons plus besoin.\n\n```bash\necho \"<?php\" > index.php\necho \"phpinfo();\" >> index.php\nexit\n```\n\n### { background-image=\"./step_1_php/1_minimum/images/localhost_step_1_1a_1.webp\" background-size=\"cover\" }\n\nRetournons dans notre navigateur et ... Bingo ! Notre première instance Docker exécutant un script PHP !\n\n----\n\nReprenons l'instruction que nous avions utilisée :\n\n```bash\ndocker run --detach --name step_1_1a -p 80:80 php:7.4.29-apache\n```\n\nOn voit donc qu'on cible la version `7.4.29` de PHP. En se rendant sur la page\n[https://hub.docker.com/_/php?tab=tags](https://hub.docker.com/_/php?tab=tags) et en cherchant des images de type `-apache`, on retrouve p. ex. les versions `php:8.1.1-apache` ou encore `php:8.1.5-apache`.\n\n----\n\nChangeons `7.4.29` par `8.1.5` et pour l'exemple, utilisons un autre port (nous utiliserons le port `801` cette fois).\n\n```bash\ndocker run --detach --name step_1_1b -p 801:80 php:8.1.5-apache\n```\n\n```bash\ndocker exec -it step_1_1b /bin/bash\n```\n\n```bash\necho \"<?php\" > index.php\necho \"phpinfo();\" >> index.php\nexit\n```\n\n### { background-image=\"./step_1_php/1_minimum/images/localhost_step_1_2.webp\" background-size=\"cover\" }\n\nSans aucune prise de tête et zéro conflit !!! Nous avons installé une nouvelle version de PHP.\n\n### { background-image=\"./step_1_php/1_minimum/images/we-have-learned.webp\" background-size=\"cover\" }\n\nÀ la fin de ce chapitre, nous venons d'apprendre:\n\n* à utiliser Docker,\n* à définir la version de PHP que nous souhaitons utiliser,\n* à nommer nos containers,\n* à définir des ports différents selon nos containers.\n\nPassons maintenant à la vitesse supérieure et synchronisons les fichiers de notre disque dur avec le container.\n\n### Étape 1.2 - Utilisation d'un volume\n\n> Soyez certain d'être dans le sous-dossier step_1_php/2_volume pour exécuter les exemples fournis.\n\nAfin de synchroniser un fichier de notre disque dur avec le container, utilisons un volume:\n\n```bash\ndocker run --detach --name step_1_2 -p 81:80 -v $(pwd):/var/www/html php:8.1.5-apache\n```\n\nSi vous êtes sous Windows (MS DOS), remplacez `$(pwd)` par `%CD%` dans l'instruction ci-dessus.\n\n----\n\nRendons-nous à l'URL [http://127.0.0.1:81](http://127.0.0.1:81).\n\nNotre script s'exécute immédiatement. Nous ne devons plus lancer une console et créer à la main le fichier `index.php`.\n\n![Notre script s'exécute directement](./step_1_php/2_volume/images/localhost_step_1_2_0.webp)\n\n----\n\nExplication des nouveaux arguments utilisés dans notre commande `docker run --detach --name step_1_2 -p 81:80 -v $(pwd):/var/www/html php:8.1.5-apache`\n\n* `--name step_1_2` : par clarté, nous utilisons un autre nom,\n* `-p 81:80` : cette fois, nous allons utiliser le port `81` de notre ordinateur et nous allons le mapper au port `80` du container,\n* `-v $(pwd):/var/www/html` : l'instruction `-v` permet de définir un volume. Ici, nous allons synchroniser le dossier `/var/www/html` du container avec `$(pwd)` qui correspond au dossier courant de notre ordinateur.\n\n----\n\nÉditons le fichier `index.php` et changeons p. ex. `Bruxelles` en `la Belgique`.\n\nRetournons dans notre navigateur et appuyons sur la touche <kbd>F5</kbd>. Le changement est immédiat.\n\n![La modification est repércutée immédiatement après un refresh](./step_1_php/2_volume/images/localhost_step_1_2_1.webp)\n\n### { background-image=\"./step_1_php/2_volume/images/we-have-learned.webp\" background-size=\"cover\" }\n\nÀ la fin de ce chapitre, nous avons appris, en plus:\n\n* à synchroniser un dossier (et ses sous-dossiers) de notre ordinateur avec le container.\n\nDans la troisième étape de ce chapitre, nous allons garantir que les fichiers qui seraient créés depuis Docker le soient avec les bonnes permissions (`user:group` et `chmod`).\n\n### Étape 1.3 - Extra - Gestion des permissions - Linux\n\n> Ce chapitre ne s'applique pas aux utilisateurs qui travaillent sous Windows (mais bien si vous travaillez sous WSL).\n\n> Soyez certain d'être dans le sous-dossier step_1_php/3_permissions.\n\n----\n\nLes fichiers qui sont créés depuis Docker sont des fichiers créés par le système d'exploitation Linux (**même si vous êtes sous Windows sur votre machine host**).\n\nContrairement à Windows, le système des permissions Linux est plus strict avec une notion de groupe-utilisateur-reste_du_monde (le fameux `chmod`).\n\nImaginons que le script PHP qui s'exécute dans Docker serait le suivant, c.-à-d. créer un fichier dans le dossier courant :\n\n```php\n$filename=__DIR__.\"/maintenant.txt\";\nif (file_put_contents($filename, \"Nous sommes le $date\" . PHP_EOL) !== false) {\n    echo \"Le fichier $filename a été créé\";\n} else {\n    echo \"Erreur, impossible de créer le fichier $filename\";\n}\n```\n\n----\n\nExécutons un nouveau container avec l'instruction ci-dessous :\n\n```bash\ndocker run --detach --name step_1_3_1 -p 82:80 -v $(pwd):/var/www/html php:7.4.29-apache\n```\n\nAccédons maintenant à l'URL [http://127.0.0.1:82/](http://127.0.0.1:82/). Nous verrons que nous avons une erreur.\n\n### { background-image=\"./step_1_php/3_permissions/images/localhost_step_1_3_0.webp\" background-size=\"cover\" class=\"hide_title\" }\n\n----\n\nDocker (utilisateur `root:root`) n'a donc pas réussi à créer un fichier sur notre disque dur; il faut donc lui indiquer qu'il faut utiliser notre utilisateur local.\n\n----\n\nModifions notre instruction et analysons les changements :\n\n```bash\ndocker run --detach --name step_1_3_2 -p 83:80 -u $UID:$GID -v $(pwd):/var/www/html php:7.4.29-apache\n```\n\n* `--name step_1_3` : comme d'habitude, utilisons un nom précis,\n* `-p 83:80` : cette fois-ci, ce sera le port `83`,\n* `-u $UID:$GID` : ce paramètre est le plus important ici, on indique à Docker qu'on veut que les fichiers / dossiers qui seraient créés depuis le container n'utilisent par `root:root` mais notre utilisateur actif ainsi que son groupe d'appartenance (p. ex. `christophe:christophe`)\n\n### { background-image=\"./step_1_php/3_permissions/images/localhost_step_1_3_1.webp\" background-size=\"cover\" }\n\nCette fois-ci, avec l'URL [http://127.0.0.1:82/](http://127.0.0.1:82/), notre fichier est créé sans souci.\n\n----\n\nOn peut voir le fichier `maintenant.txt` dans notre dossier.\n\nSi on tape l'instruction `ls -l` dans notre console Linux, on constate qu'en effet le fichier `maintenant.txt`, qui a été créé par Docker, utilise bien notre utilisateur local; exactement ce qu'on souhaitait.\n\n```text\ndrwxr-xr-x 2 christophe christophe 4096 May  7 22:06 images\n-rw-r--r-- 1 christophe christophe 1112 May  7 21:53 index.php\n-rw-r--r-- 1 christophe christophe   33 May  7 22:05 maintenant.txt\n-rw-r--r-- 1 christophe christophe 1843 May  7 22:05 readme.md\n```\n\n### { background-image=\"./step_1_php/3_permissions/images/we-have-learned.webp\" background-size=\"cover\" }\n\nÀ la fin de ce chapitre, nous avons appris, en plus:\n\n* à spécifier les permissions sur Docker doit utiliser lors de l'accès au système de fichiers.\n\nUne dernière astuce pour la route : l'utilisation d'images Alpine. Suite à la prochaine étape.\n\n### Étape 1.4 - Extra - Recherche d'une image de type Alpine\n\n> Sous Linux, une image Alphine est synonyme d'ultra-légère. Le maximum a été retiré et juste l'essentiel est conservé.\n\nNous avons jusqu'à présent utilisé une image officielle maintenue par la communauté Docker [https://hub.docker.com/_/php](https://hub.docker.com/_/php). Ces images sont sécurisées car validées par la communauté.\n\n```bash\ndocker run --detach --name step_1_2 -p 81:80 -v $(pwd):/var/www/html php:8.1.5-apache\n```\n\n----\n\nIl n'existe pas toujours une image alpine officielle (ce n'est pas le cas pour une image PHP incluant Apache).\n\nSi on cherche sur [Docker Hub](https://hub.docker.com/), il est toutefois possible d'en trouver comme [eriksoderblom/alpine-apache-php](https://hub.docker.com/r/eriksoderblom/alpine-apache-php) qui propose PHP 8 + Apache en mode hyper léger.\n\n----\n\nLà où l'image officielle fait 458MB, l'image alpine n'est fait plus de 62. Près de 7,5 fois moins !\n\n![Utilisation d'une image de type Alpine](./step_1_php/4_alpine/images/image_alpine_step_1_5.webp)\n\n----\n\nL'intérêt de ce type d'images est donc de réduire l'occupation mémoire de votre ordinateur et de vous permettre de lancer plusieurs images sans trop de ralentissement.\n\nCela ne fonctionne que si et seulement si vos besoins sont hyper simples. Vous souhaitez p. ex. installer quelque chose avec `apt-get install` ? Impossible car le gestionnaire de paquets `apt` n'est pas installé. Vous avez vraiment le strict minimum et vous aurez à tout installer vous-même selon vos besoins.\n\n### { background-image=\"./step_1_php/4_alpine/images/we-have-learned.webp\" background-size=\"cover\" }\n\nUn dernier extra pour la route, utilisation d'un script Bash. Rendez-vous à la prochaine, et dernière, étape.\n\n### Étape 1.5 - Extra - Utilisation d'un script Linux\n\n> Ce chapitre, optionnel, propose un script Bash qui nécessite Linux pour s'exécuter. Si vous êtes sous Windows (MS DOS), vous ne pourrez pas l'utiliser. Mais bien si vous êtes sous WSL.\n\nAu tout début du chapitre, nous avons vu la commande suivante :\n\n```bash\ndocker run --detach --name step_1_1a -p 80:80 php:7.4.29-apache\n```\n\nImaginons que nous souhaitons relancer la même commande, une seconde fois :\n\n```text\ndocker: Error response from daemon: Conflict. The container name \"/step_1_1a\" is already in use by container \"dbb03c847cf13f691f75207cb61f813d34a83b1f230bc0b3a15e93361d6ff484\". You have to remove (or rename) that container to be able to reuse that name.\n```\n\n----\n\nDocker nous dit que nous avons déjà un container nommé `step_1_1` précédemment créé. Si nous changeons le nom en, p. ex. `step_1_1_bis`, nous aurons un autre souci :\n\n```text\ndocker: Error response from daemon: driver failed programming external connectivity on endpoint step_1_1_bis (31dfed5214c2ebea24e059f7d4ca65c717bd0373b88d2adc4d02b67923c481ed): Bind for 0.0.0.0:80 failed: port is already allocated.\n```\n\nEn effet, nous disons que `step_1_1_bis` doit utiliser le port `80` mais ce dernier est déjà utilisé (par le container `step_1_1a`), il nous faudrait alors aussi changer le numéro du port (comme nous l'avons fait à chacune des étapes précédentes).\n\n----\n\nEn ligne de commandes, pour stopper un container:\n\n```bash\ndocker stop $(docker ps -a -q --filter=\"name=step_1_1a\")\n```\n\nPuis, pour le supprimer:\n\n```bash\n docker rm $(docker ps -a -q --filter=\"name=step_1_1a\")\n```\n\nUn peu long...\n\n### { background-image=\"./step_1_php/5_script/images/docker_desktop.webp\" background-size=\"cover\" }\n\nPlus facile avec Docker Desktop, on supprime le container.\n\n----\n\nLe script `docker-up.sh` proposé dans ce chapitre permet de vérifier si le container est déjà en cours d'exécution. Si c'est le cas, il sera d'abord arrêté proprement puis supprimé. Et seulement ensuite récréé.\n\nLe script permet donc de simplifier l'exécution des commandes `docker run` comme vues lors des précédents chapitres de cette première étape de découverte de Docker.\n\n### { background-image=\"./step_1_php/5_script/images/we-have-learned.webp\" background-size=\"cover\" }\n\nÀ la fin de cette dernière étape du premier chapitre de découverte, nous avons appris, en plus, à utiliser un script qui va arrêter, supprimer et relancer un container. Facile et propre.\n\nLe script permet aussi de spécifier certaines variables comme p. ex. la version de PHP à utiliser.\n\n## Étape 2 - ... Joomla vint ensuite\n\n{ background-image=\"./step_2_install_joomla/images/background.webp\" background-size=\"cover\" }\n\n### Étape 2.1 - Installons Joomla\n\n> Soyez certain d'être dans le sous-dossier step_2_install_joomla/1_installation pour exécuter les exemples fournis.\n\nLors de la première étape, nous n'avions pas besoin d'une base de données, juste de PHP et d'Apache. Et comme il existe une image Docker qui reprend et PHP et Apache, c'était facile. Un coup de `docker run` et tout roule.\n\nLorsqu'on a besoin de plusieurs *services*, une commande `docker run` ne suffit plus. Il faut alors utiliser `docker compose`.\n\n----\n\nLorsqu'on a besoin de plusieurs services, il faut un fichier `docker-compose.yml` à la racine du projet. On y définit la liste des services dont on a besoin.\n\nVous trouverez un exemple du fichier `docker-compose.yml` sur la page de description de l'image Joomla : [https://hub.docker.com/_/joomla](https://hub.docker.com/_/joomla) *recherchez `docker-compose` sur cette page.*\n\n----\n\n```yaml\nversion: '3.1'\n\nservices:\n  joomladb:\n    image: mysql:5.6\n    restart: always\n    environment:\n      MYSQL_ROOT_PASSWORD: example\n\n  joomla:\n    image: joomla\n    restart: always\n    links:\n      - joomladb:mysql\n    ports:\n      - 80:80\n    environment:\n      JOOMLA_DB_HOST: joomladb\n      JOOMLA_DB_PASSWORD: example\n```\n\n----\n\nCréons ce fichier dans un dossier de votre disque dur.\n\nOuvrez une console et rendez-vous dans ce dossier.\n\nCeci fait, lancez la commande ci-dessous:\n\n```bash\ndocker compose up --detach\n```\n\nDocker va commencer à télécharger `joomla` et `joomladb`, les deux services mentionnés dans le fichier `docker-compose.yml`.\n\n### { background-image=\"./step_2_install_joomla/1_installation/images/desktop_image_step_2.webp\" background-size=\"cover\" class=\"hide_title\" }\n\n----\n\nSi on regarde la liste des images disponibles dans Docker Desktop, nous voyons que nous avons maintenant, `joomla` et `mysql`.\n\nOn obtient aussi l'information en ligne de commande : `docker image list`\n\n### { background-image=\"./step_2_install_joomla/1_installation/images/desktop_container_step_2.webp\" background-size=\"cover\" class=\"hide_title\" }\n\n----\n\nOn retrouve aussi notre application qui, cette fois, contient deux containers en cours d'exécution.\n\nEn ligne de commande : `docker container list`\n\n----\n\nNotre application étant en cours d'exécution, on peut y accéder depuis l'URL http://127.0.0.1:80.\n\n![On accède à l'interface d'administration](./step_2_install_joomla/1_installation/images/joomla_administrator.webp)\n\n----\n\nReprenons le fichier `docker-compose.yml` mais partie par partie:\n\n```yaml\nservices:\n  joomladb:\n    image: mysql:5.6\n    restart: always\n    environment:\n      MYSQL_ROOT_PASSWORD: example\n```\n\nOn va définir une couche base de données qui va faire tourner MySQL en version `5.6`. Le mot de passe associé au compte `root` sera `example`.\n\n----\n\n```yaml\nservices:\n  joomla:\n    image: joomla\n    restart: always\n    links:\n      - joomladb:mysql\n    ports:\n      - 80:80\n    environment:\n      JOOMLA_DB_HOST: joomladb\n      JOOMLA_DB_PASSWORD: example\n```\n\nOn définit ici la couche application (Joomla) sans préciser de version. Ce sera donc la dernière version `stable` de ce moment-là. On dit à Joomla que le serveur de base de données associé sera `joomladb` qu'on a définit plus haut, on indique que le port sera le port `80` et on définit aussi deux variables d'environnement pour préciser que le nom de la base de données sera `joomladb` et que le mot de passe associé est `example`.\n\n### { background-image=\"./step_2_install_joomla/1_installation/images/danger.webp\" background-size=\"cover\" }\n\nCe n'est pas une bonne idée de ne pas indiquer le numéro de version.\n\nLorsque Docker voit `image: joomla`, il comprend `image: joomla:stable`. Il va donc chercher à télécharger la dernière version stable. Vous ne savez donc pas, à l'avance, si vous téléchargez Joomla `4.1.2` ou `4.1.3` ou ...\n\nIl est toujours préférable de spécifier la version comme p. ex.  `image: joomla:4.1.2`. Vous vous éviterez des surprises.\n\nVoir [https://hub.docker.com/_/joomla?tab=tags](https://hub.docker.com/_/joomla?tab=tags) pour la liste des versions disponibles.\n\n----\n\nLes valeurs se retrouvent dans le fichier `docker-compose.yml`.\n\n| Variable             | Valeur                                                             |\n| -------------------- | ------------------------------------------------------------------ |\n| Nom de l'hôte        | `joomladb` qui est le nom qu'on a donné au service base de données |\n| Nom de l'utilisateur | `root` (utilisateur par défaut pour MySQL)                         |\n| Mot de passe         | `example`                                                          |\n\n----\n\n![Configuration de la base de données](./step_2_install_joomla/1_installation/images/joomla_administrator_db.webp)\n\n----\n\n![Joomla est prêt](./step_2_install_joomla/1_installation/images/joomla_administrator_ready.webp)\n\n### { background-image=\"./step_2_install_joomla/1_installation/images/surprised.webp\" background-size=\"cover\" }\n\nNous venons d'installer Joomla et MySQL. Si on exécute `ls -l` (ou `dir` sous DOS), on constate quelque chose qui pourrait être surprenant : nous n'avons aucun des fichiers de Joomla sur notre machine; rien du tout.\n\nComme nous l'avons vu lors de l'étape 1 d'introduction; tout se passe au sein du container. Comme si c'était une boîte noire. Les fichiers ont été installés dans le container, pas sur notre ordinateur.\n\nSi on supprime le container Docker, nous perdons l'intégralité du site; base de données y comprise.\n\n----\n\nEnvie d'utiliser une autre version de PHP ? Rendez-vous sur la page des tags [https://hub.docker.com/_/joomla?tab=tags](https://hub.docker.com/_/joomla?tab=tags) et prêtez attention aux images de type `xxx-apache` (p. ex. `php8.1-apache`).\n\nAdaptez alors le fichier `docker-compose.yml` comme ci-dessous.\n\n```yaml\nservices:\n  joomla:\n    image: joomla:php8.1-apache\n```\n\nEt hop, vous voilà avec la version de PHP désirée.\n\n### { background-image=\"./step_2_install_joomla/1_installation/images/we-have-learned.webp\" background-size=\"cover\" }\n\nÀ la fin de cette étape,\n\n* à créer un fichier `docker-compose.yml` afin de créer et associer plusieurs containers pour une application précise,\n* à installer la version que nous souhaitons de Joomla ainsi que celle de PHP,\n* à installer un second service qui, ici, est MySQL,\n* et à associer Joomla et MySQL\n\nToutefois notre site est éphémère. Apprenons à conserver nos fichiers et notre base de données. Mais avant, lançons une petite session interactive dans Docker.\n\n### Étape 2.2 - Session interactive\n\nSi on lance `Docker Desktop` et qu'on se rend dans la liste des containers puis qu'on déplie le container en cours, on peut voir que le nom du service Apache est `1_installation-joomla-1` (c'est-à-dire le nom du dossier en cours suivi du nom du service puis du chiffre `1`).\n\nOn retrouve aussi le nom avec la ligne de commande `docker container list`.\n\nDu coup `docker exec -it 1_installation-joomla-1 /bin/bash` permets de lancer une console dans le container et de se promener dans l'arborescence de l'installation Joomla.\n\n----\n\nSi on fait un `cat configuration.php`, on peut donc voir le fichier de configuration du site. Puisqu'il n'y a pas d'éditeur de texte dans l'image Joomla, utilisons `sed` pour remplacer la valeur offline de `false` vers `true` :\n\n```bash\nsed -i 's/public $offline = false/public $offline = true/g' configuration.php\n```\n\nSi on rafraîchit le navigateur, on voit bien qu'on a mis le site hors ligne. Ce qu'on voit dans la session interactive correspond bien à ce qu'on a sur la page du navigateur; nous sommes bien occupés à modifier le site Joomla.\n\n*Tapons la commande `exit` pour quitter la session interactive.*\n\n### { background-image=\"./step_2_install_joomla/2_session_interactive/images/we-have-learned.webp\" background-size=\"cover\" }\n\nÀ la fin de ce chapitre d'installation de Joomla, nous avons appris, en plus :\n\n* à adapter un fichier de Joomla en démarrant le container de façon interactive.\n\nLors du troisième chapitre, nous verrons comment synchroniser les fichiers entre le container et notre disque dur.\n\n## Étape 3 - Synchronisons Joomla avec notre ordinateur local\n\n{ background-image=\"./step_3_install_joomla_volume/images/background.webp\" background-size=\"cover\" }\n\n----\n\n> Soyez certain d'être dans le sous-dossier step_3_install_joomla_volume pour exécuter les exemples fournis.\n\nNous venons d'installer Joomla, on a pu installer l'une ou l'autre version de Joomla mais on constate que nous n'avons rien en local : si on supprime le container, on perd tout.\n\n### { background-image=\"./step_3_install_joomla_volume/images/kill_container.webp\" background-size=\"cover\" }\n\nRetournons dans Docker Desktop et supprimons le container. Affichons à nouveau le site `http://127.0.0.1:80/`, nous avons tout perdu !\n\n----\n\nBien sûr, on peut installer une extension de sauvegarde comme Akeeba et s'amuser à prendre un backup; comme on le fait traditionnellement.\n\nOn peut aussi veiller à synchroniser notre container (la partie Joomla ainsi que la partie base de données) avec notre disque dur. Cette synchronisation fait appel à ce qu'on nomme dans le monde Docker : **un volume**.\n\n----\n\nUn volume peut être \"interne\" ou \"externe\". Interne veut dire que c'est Docker qui va le gérer.\n\nOn pourra supprimer le container Joomla mais tant qu'on ne supprime pas le volume interne, il reste en mémoire et Docker peut le réutiliser.\n\nSi on supprime et le container et le volume alors on perd tout.\n\n----\n\nOn va donc utiliser un volume externe.\n\nOn va *mapper* le site Joomla à notre disque dur. Quand nous avions lancé une session interactive (grâce à `docker exec -it 1_installation-joomla-1 /bin/bash`), nous avions constaté que le dossier du site était `/var/www/html`. Ce dossier est le `WORKDIR` (répertoire de travail) de l'image Joomla. On peut retrouver cette information dans la documentation de l'image, après avoir lancé une session interactive ou encore lorsqu'on fait un `docker inspect joomla | grep --ignore-case \"workingdir\"`.\n\n----\n\nIl faut adapter le fichier `docker-compose.yml` et, pour le service Joomla, d'ajouter la gestion des *volumes*. Nous allons faire correspondre le dossier `site_joomla` de notre ordinateur avec le site Joomla.\n\n**D'abord, pour éviter tout problème de droits d'accès, veuillez créer le dossier `site_joomla` vous-même.**\n\n```bash\nmkdir -p site_joomla\n```\n\nAdaptons le fichier `docker-compose.yml` et ajoutons:\n\n```yaml\n    volumes:\n      - ./site_joomla:/var/www/html\n```\n\n----\n\nLa lecture est peut-être plus aisée de droite à gauche : on va faire correspondre le dossier `/var/www/html` qui se trouve dans le container Docker avec le dossier `site_joomla` se trouvant dans notre répertoire actuel; sur notre machine (=sur notre host).\n\n----\n\nRetournons dans Docker Desktop et supprimons notre container Joomla en cours d'exécution.\n\nPuis relançons la commande `docker compose up --detach`; on pourra constater qu'on aura bien, lors de la création de l'image, les fichiers de Joomla qui seront synchronisés avec notre disque dur.\n\nAllez voir le contenu du dossier `site_joomla` sur votre ordinateur : nous avons l'intégralité des fichiers du site; nous avons donc synchronisé le container et notre machine.\n\n### Étape 3.1 - Droits d'accès sous Linux\n\nTout comme nous l'avons vu précédemment, les fichiers / dossiers créés depuis Docker ne le sont pas avec notre utilisateur actif mais celui défini dans l'image. Pour PHP, nous l'avons vu, c'était l'utilisateur `root`.\n\nPour Joomla, c'est `www-data` et on le voit lorsqu'on fait un `ls -al`. Il nous faut, ici aussi, changer cela pour utiliser notre utilisateur local.\n\nTout d'abord, supprimons le précédent dossier `site_joomla` puis recréons-le (afin d'avoir les bonnes permissions):\n\n```bash\nsudo rm -rf site_joomla\nmkdir -p site_joomla\n```\n\n----\n\nAdaptons le fichier `docker-compose.yml` et pour y ajouter la notion de l'utilisateur, mais pour cela il nous faudra deux valeurs, le `user id` et le `group id`.\n\nSous Linux, on peut retrouver l'ID de son utilisateur et de son groupe comme ceci:\n\n```bash\necho \"Votre UID est $UID et votre GID est $GID\"\n```\n\nNous avons nos valeurs. Adaptons le fichier:\n\n```yaml\n    user: \"1000:1000\"\n```\n\n----\n\nRetournons dans Docker Desktop et supprimons notre container Joomla en cours d'exécution.\n\nRelançons `docker compose up --detach` et, maintenant, les fichiers dans le dossier `site_joomla` ont les bonnes permissions; celles de votre utilisateur local.\n\n### Étape 3.2 - Ajout d'une image\n\nPour l'exemple, si on se rend dans le gestionnaire des médias de Joomla et qu'on ajoute une image, nous verrons bien cette image apparaître sur notre machine dans le dossier `./site_web/media`.\n\nNotre synchronisation fonctionne parfaitement (et dans les deux sens bien sûr).\n\n### Étape 3.3 - Installation d'Akeeba backup et sauvegarde\n\nL'installation d'une extension ainsi que son utilisation n'est en rien différente.\n\nDepuis l'interface d'administration de Joomla, on peut installer Akeeba *depuis le web* et exécuter ensuite une sauvegarde.\n\nSi on utilise le profil par défaut, le `jpa` est sauvé, sur notre machine, dans le dossier `./site_joomla/administrator/com_akeebabackup/backup`; rien ne change.\n\n\n### Étape 3.4 - Notre service Joomla final\n\nNotre service `joomla` au complet dans le fichier `docker-compose.yml`.\n\n```yaml\n  joomla:\n    image: joomla\n    restart: always\n    links:\n      - joomladb:mysql\n    ports:\n      - 80:80\n    environment:\n      JOOMLA_DB_HOST: joomladb\n      JOOMLA_DB_PASSWORD: example\n    volumes:\n      - ./site_joomla:/var/www/html\n    user: \"1000:1000\"\n```\n\n### { background-image=\"./step_3_install_joomla_volume/images/we-have-learned.webp\" background-size=\"cover\" }\n\nÀ la fin de ce chapitre, nous avons appris :\n\n* synchroniser les fichiers de Joomla avec notre disque dur.\n\nSi nous supprimons le container Joomla, nous n'allons plus perdre les fichiers de notre site web. Mais nous perdrons bien la base de données puisqu'elle n'est pas encore synchronisée localement. C'est ce que nous allons apprendre dans le prochain et dernier chapitre.\n\n## Étape 4 - Synchronisons MySQL avec notre ordinateur local { background-image=\"./step_4_install_mysql_volume/images/background.webp\" background-size=\"cover\" }\n\n----\n\n> Soyez certain d'être dans le sous-dossier step_4_install_mysql_volume pour exécuter les exemples fournis.\n\nNous venons de voir comment conserver les fichiers de Joomla sur son disque dur. Ainsi, si on supprime le container Docker, on ne perd pas nos fichiers.\n\n<mark>Oui mais ? Et la base de données ?</mark>\n\nSous MySQL, une base de données est sauvée dans le dossier `/var/lib/mysql` (plus d'info sur [Where to Store Data](https://hub.docker.com/_/mysql))\n\n----\n\nComme nous l'avions fait pour Joomla lorsqu'on a créé un dossier `site_joomla`, il nous faudra créer un dossier `db` manuellement afin qu'on n'ait pas de souci de droits d'accès.\n\nCeci fait, il faut adapter le fichier `docker-compose.yml` et, pour le service MySQL cette fois, d'ajouter la gestion des *volumes*. Ajoutons directement le bon utilisateur:\n\n**D'abord, pour éviter tout problème de droits d'accès, veuillez créer le dossier `db` vous-même.**\n\n*Recréons aussi le dossier `site_joomla` (puisque, dans cet exemple, nous sommes dans un autre dossier que le précédent chapitre).*\n\n```bash\nmkdir -p db\nmkdir -p site_joomla\n```\n\n----\n\nAdaptons le fichier `docker-compose.yml` et ajoutons au niveau du server `joomladb` les lignes suivantes:\n\n```yaml\n    user: \"1000:1000\"\n    volumes:\n      - ./db:/var/lib/mysql\n```\n\n----\n\nRetournons dans Docker Desktop et supprimons notre container Joomla en cours d'exécution.\n\nLançons la commande `docker compose up --detach`.\n\nNotez qu'il y a un petit délai nécessaire pour que Docker synchronise le container avec votre disque dur. Vous ne verrez pas les fichiers apparaître sur votre disque avant un délai de quelques secondes.\n\n----\n\nMaintenant, si nous allons dans le dossier `./db`, nous pouvons en effet voir un dossier qui correspond à notre base de données. Notre base de données se nommait `joomla_db`, nous avons bien un dossier local `/db/joomla_db`.\n\n`n3fe9_` étant ici le préfixe pour nos tables Joomla.\n\n![Notre base de données](./step_4_install_mysql_volume/images/joomla_db.webp)\n\n----\n\nAjoutons les données d'exemples et p. ex. un nouvel utilisateur puis, depuis Docker Desktop, supprimons une fois encore le container comme nous l'avons fait pour les autres exercices.\n\nPuisque, au terme de ce chapitre, nous avons synchronisé et les fichiers et la base de données; au lieu de tout perdre, nous nous attendons tout récupérer. Voyons ce qu'il en est.\n\nRelançons la commande `docker compose up --detach` et voyons ce qu'il se passe...\n\n### { background-image=\"./step_4_install_mysql_volume/images/joomla_site_is_back.webp\" background-size=\"cover\" }\n\nNous récupérons notre site web, base de données comprises ! Notre site est de nouveau fonctionnel, les extensions que nous avions installées sont toujours présentes, nos articles, nos utilisateurs ... tout est à nouveau là.\n\nNos deux volumes externes (`db` et `site_joomla`) ont parfaitement rempli leur mission.\n\n### { background-image=\"./step_4_install_mysql_volume/images/we-have-learned.webp\" background-size=\"cover\" }\n\nÀ la fin de ce dernier chapitre, nous avons appris :\n\n* à manipuler Docker et créer des sites web PHP / Apache,\n* à installer Joomla et de créer un site web *dockerisé* (=qui tourne sous forme de container dans Docker),\n* à synchroniser les fichiers et la base de données de notre site.\n\n## Étape 5 - Docker dans le monde réel { background-image=\"./step_5_real_world/images/background.webp\" background-size=\"cover\" }\n\nRepensez à notre dernier chapitre, le dossier `step_4_install_mysql_volume`.\n\nN'est-il pas un bon candidat pour être votre base de travail ? Copiez ce dossier autant de fois que nécessaire et nommez les dossiers *client_1*, *client_2*, *client_3*, *client_4*, ...\n\nVous êtes occupés à créer des ... containers où les clients seront isolés les uns des autres.\n\n### { background-image=\"./step_5_real_world/images/containers.webp\" background-size=\"cover\" }\n\nLorsque vous travaillerez pour votre client 1, rendez-vous dans le dossier du client et lancer la commande `docker compose up --detach` et hop, votre site `http://127.0.0.1` local est celui de ce client.\n\nFaites de même pour le client 2, rendez-vous dans le dossier du client concerné, exécutez la même commande et hop, cette fois, c'est son site.\n\n### { background-image=\"./step_5_real_world/images/containers.webp\" background-size=\"cover\" }\n\nPour utiliser des ports différents, adaptez le fichier `docker-compose.yml` et changez la ligne suivante:\n\n```yaml\nports:\n      - 80:80\n```\n\nen, par exemple,\n\n```yaml\nports:\n      - 81:80\n```\n\nPour ce client-là, l'URL deviendra alors `http://127.0.0.1:81`.\n\n----\n\nVous n'auriez plus de souci d'URL, d'alias, de conflits (le client 1 est toujours sous PHP `7.x` mais le client 2 sous PHP `8.x`).\n\nPlus de risque non plus que la base de données de l'un n'écrase celle de l'autre.\n\nEt vous pourriez même créer une image Docker (avec la commande `docker build`), l'héberger sur votre Docker Hub privé (`docker push`) et lui dire qu'il peut la récupérer (`docker pull`) pour installer le site en local chez lui.\n\nEt comme tout est en local, <mark>il est très facile également d'utiliser des outils de versionning type GitHub</mark> pour conserver trace des changements ainsi que simplifier le travail collaboratif.\n\n## Merci de votre attention ! { background-image=\"./step_6_merci/images/background.webp\" background-size=\"cover\" }\n","srcMarkdownNoYaml":""},"formats":{"revealjs":{"identifier":{"display-name":"RevealJS","target-format":"revealjs","base-format":"revealjs"},"execute":{"fig-width":10,"fig-height":5,"fig-format":"retina","fig-dpi":96,"df-print":"default","error":false,"eval":true,"cache":null,"freeze":false,"echo":false,"output":true,"warning":false,"include":true,"keep-md":false,"keep-ipynb":false,"ipynb":null,"enabled":null,"daemon":null,"daemon-restart":false,"debug":false,"ipynb-filters":[],"ipynb-shell-interactivity":null,"plotly-connected":true,"engine":"markdown"},"render":{"keep-tex":false,"keep-typ":false,"keep-source":false,"keep-hidden":false,"prefer-html":false,"output-divs":true,"output-ext":"html","fig-align":"default","fig-pos":null,"fig-env":null,"code-fold":"none","code-overflow":"scroll","code-link":false,"code-line-numbers":false,"code-tools":false,"tbl-colwidths":"auto","merge-includes":true,"inline-includes":false,"preserve-yaml":false,"latex-auto-mk":true,"latex-auto-install":true,"latex-clean":true,"latex-min-runs":1,"latex-max-runs":10,"latex-makeindex":"makeindex","latex-makeindex-opts":[],"latex-tlmgr-opts":[],"latex-input-paths":[],"latex-output-dir":null,"link-external-icon":false,"link-external-newwindow":false,"self-contained-math":false,"format-resources":[]},"pandoc":{"standalone":true,"wrap":"none","default-image-extension":"png","html-math-method":{"method":"mathjax","url":"https://cdn.jsdelivr.net/npm/mathjax@2.7.9/MathJax.js?config=TeX-AMS_HTML-full"},"slide-level":6,"to":"revealjs","css":["style.css"],"embed-resources":true,"highlight-style":"dracula","output-file":"index.html"},"language":{"toc-title-document":"Table of contents","toc-title-website":"On this page","related-formats-title":"Other Formats","related-notebooks-title":"Notebooks","source-notebooks-prefix":"Source","other-links-title":"Other Links","code-links-title":"Code Links","launch-dev-container-title":"Launch Dev Container","launch-binder-title":"Launch Binder","article-notebook-label":"Article Notebook","notebook-preview-download":"Download Notebook","notebook-preview-download-src":"Download Source","notebook-preview-back":"Back to Article","manuscript-meca-bundle":"MECA Bundle","section-title-abstract":"Abstract","section-title-appendices":"Appendices","section-title-footnotes":"Footnotes","section-title-references":"References","section-title-reuse":"Reuse","section-title-copyright":"Copyright","section-title-citation":"Citation","appendix-attribution-cite-as":"For attribution, please cite this work as:","appendix-attribution-bibtex":"BibTeX citation:","appendix-view-license":"View License","title-block-author-single":"Author","title-block-author-plural":"Authors","title-block-affiliation-single":"Affiliation","title-block-affiliation-plural":"Affiliations","title-block-published":"Published","title-block-modified":"Modified","title-block-keywords":"Keywords","callout-tip-title":"Tip","callout-note-title":"Note","callout-warning-title":"Warning","callout-important-title":"Important","callout-caution-title":"Caution","code-summary":"Code","code-tools-menu-caption":"Code","code-tools-show-all-code":"Show All Code","code-tools-hide-all-code":"Hide All Code","code-tools-view-source":"View Source","code-tools-source-code":"Source Code","tools-share":"Share","tools-download":"Download","code-line":"Line","code-lines":"Lines","copy-button-tooltip":"Copy to Clipboard","copy-button-tooltip-success":"Copied!","repo-action-links-edit":"Edit this page","repo-action-links-source":"View source","repo-action-links-issue":"Report an issue","back-to-top":"Back to top","search-no-results-text":"No results","search-matching-documents-text":"matching documents","search-copy-link-title":"Copy link to search","search-hide-matches-text":"Hide additional matches","search-more-match-text":"more match in this document","search-more-matches-text":"more matches in this document","search-clear-button-title":"Clear","search-text-placeholder":"","search-detached-cancel-button-title":"Cancel","search-submit-button-title":"Submit","search-label":"Search","toggle-section":"Toggle section","toggle-sidebar":"Toggle sidebar navigation","toggle-dark-mode":"Toggle dark mode","toggle-reader-mode":"Toggle reader mode","toggle-navigation":"Toggle navigation","crossref-fig-title":"Figure","crossref-tbl-title":"Table","crossref-lst-title":"Listing","crossref-thm-title":"Theorem","crossref-lem-title":"Lemma","crossref-cor-title":"Corollary","crossref-prp-title":"Proposition","crossref-cnj-title":"Conjecture","crossref-def-title":"Definition","crossref-exm-title":"Example","crossref-exr-title":"Exercise","crossref-ch-prefix":"Chapter","crossref-apx-prefix":"Appendix","crossref-sec-prefix":"Section","crossref-eq-prefix":"Equation","crossref-lof-title":"List of Figures","crossref-lot-title":"List of Tables","crossref-lol-title":"List of Listings","environment-proof-title":"Proof","environment-remark-title":"Remark","environment-solution-title":"Solution","listing-page-order-by":"Order By","listing-page-order-by-default":"Default","listing-page-order-by-date-asc":"Oldest","listing-page-order-by-date-desc":"Newest","listing-page-order-by-number-desc":"High to Low","listing-page-order-by-number-asc":"Low to High","listing-page-field-date":"Date","listing-page-field-title":"Title","listing-page-field-description":"Description","listing-page-field-author":"Author","listing-page-field-filename":"File Name","listing-page-field-filemodified":"Modified","listing-page-field-subtitle":"Subtitle","listing-page-field-readingtime":"Reading Time","listing-page-field-wordcount":"Word Count","listing-page-field-categories":"Categories","listing-page-minutes-compact":"{0} min","listing-page-category-all":"All","listing-page-no-matches":"No matching items","listing-page-words":"{0} words","listing-page-filter":"Filter","draft":"Draft"},"metadata":{"lang":"en","fig-responsive":false,"quarto-version":"1.8.25","auto-stretch":true,"author":"Christophe Avonture","ratio":"16:9","center":true,"footer":"https://www.avonture.be/","navigationMode":"linear","transition":"convex","previewLinks":"auto","scrollable":true,"showNotes":false,"slideNumber":"c/t","theme":"default","title-slide-attributes":{"data-background-image":"images/background.jpg","data-background-size":"cover"}}}},"projectFormats":["revealjs"]}